Title,Body,Phase,Area,Status
Day 001 — Phase 1 task,"## Study
- Review the assigned course material for **Phase 1**
- Take concise notes
- Extract 1 concept to apply immediately

## Build
- Apply today's concept directly inside GymOS AI
- Commit code
- Update docs or README
- Close one subtask

## Deliverable
- A working increment in the `backend` area
",Phase 1,backend,Backlog
Day 002 — Phase 1 task,"## Study
- Review the assigned course material for **Phase 1**
- Take concise notes
- Extract 1 concept to apply immediately

## Build
- Apply today's concept directly inside GymOS AI
- Commit code
- Update docs or README
- Close one subtask

## Deliverable
- A working increment in the `backend` area
",Phase 1,backend,Backlog
Day 003 — Phase 1 task,"## Study
- Review the assigned course material for **Phase 1**
- Take concise notes
- Extract 1 concept to apply immediately

## Build
- Apply today's concept directly inside GymOS AI
- Commit code
- Update docs or README
- Close one subtask

## Deliverable
- A working increment in the `backend` area
",Phase 1,backend,Backlog
Day 004 — Phase 1 task,"## Study
- Review the assigned course material for **Phase 1**
- Take concise notes
- Extract 1 concept to apply immediately

## Build
- Apply today's concept directly inside GymOS AI
- Commit code
- Update docs or README
- Close one subtask

## Deliverable
- A working increment in the `backend` area
",Phase 1,backend,Backlog
Day 005 — Phase 1 task,"## Study
- Review the assigned course material for **Phase 1**
- Take concise notes
- Extract 1 concept to apply immediately

## Build
- Apply today's concept directly inside GymOS AI
- Commit code
- Update docs or README
- Close one subtask

## Deliverable
- A working increment in the `backend` area
",Phase 1,backend,Backlog
Day 006 — Phase 1 task,"## Study
- Review the assigned course material for **Phase 1**
- Take concise notes
- Extract 1 concept to apply immediately

## Build
- Apply today's concept directly inside GymOS AI
- Commit code
- Update docs or README
- Close one subtask

## Deliverable
- A working increment in the `backend` area
",Phase 1,backend,Backlog
Day 007 — Phase 1 task,"## Study
- Review the assigned course material for **Phase 1**
- Take concise notes
- Extract 1 concept to apply immediately

## Build
- Apply today's concept directly inside GymOS AI
- Commit code
- Update docs or README
- Close one subtask

## Deliverable
- A working increment in the `backend` area
",Phase 1,backend,Backlog
Day 008 — Phase 1 task,"## Study
- Review the assigned course material for **Phase 1**
- Take concise notes
- Extract 1 concept to apply immediately

## Build
- Apply today's concept directly inside GymOS AI
- Commit code
- Update docs or README
- Close one subtask

## Deliverable
- A working increment in the `backend` area
",Phase 1,backend,Backlog
Day 009 — Phase 1 task,"## Study
- Review the assigned course material for **Phase 1**
- Take concise notes
- Extract 1 concept to apply immediately

## Build
- Apply today's concept directly inside GymOS AI
- Commit code
- Update docs or README
- Close one subtask

## Deliverable
- A working increment in the `backend` area
",Phase 1,backend,Backlog
Day 010 — Phase 1 task,"## Study
- Review the assigned course material for **Phase 1**
- Take concise notes
- Extract 1 concept to apply immediately

## Build
- Apply today's concept directly inside GymOS AI
- Commit code
- Update docs or README
- Close one subtask

## Deliverable
- A working increment in the `backend` area
",Phase 1,backend,Backlog
Day 011 — Phase 2 task,"## Study
- Review the assigned course material for **Phase 2**
- Take concise notes
- Extract 1 concept to apply immediately

## Build
- Apply today's concept directly inside GymOS AI
- Commit code
- Update docs or README
- Close one subtask

## Deliverable
- A working increment in the `backend` area
",Phase 2,backend,Backlog
Day 012 — Phase 2 task,"## Study
- Review the assigned course material for **Phase 2**
- Take concise notes
- Extract 1 concept to apply immediately

## Build
- Apply today's concept directly inside GymOS AI
- Commit code
- Update docs or README
- Close one subtask

## Deliverable
- A working increment in the `backend` area
",Phase 2,backend,Backlog
Day 013 — Phase 2 task,"## Study
- Review the assigned course material for **Phase 2**
- Take concise notes
- Extract 1 concept to apply immediately

## Build
- Apply today's concept directly inside GymOS AI
- Commit code
- Update docs or README
- Close one subtask

## Deliverable
- A working increment in the `backend` area
",Phase 2,backend,Backlog
Day 014 — Phase 2 task,"## Study
- Review the assigned course material for **Phase 2**
- Take concise notes
- Extract 1 concept to apply immediately

## Build
- Apply today's concept directly inside GymOS AI
- Commit code
- Update docs or README
- Close one subtask

## Deliverable
- A working increment in the `backend` area
",Phase 2,backend,Backlog
Day 015 — Phase 2 task,"## Study
- Review the assigned course material for **Phase 2**
- Take concise notes
- Extract 1 concept to apply immediately

## Build
- Apply today's concept directly inside GymOS AI
- Commit code
- Update docs or README
- Close one subtask

## Deliverable
- A working increment in the `backend` area
",Phase 2,backend,Backlog
Day 016 — Phase 2 task,"## Study
- Review the assigned course material for **Phase 2**
- Take concise notes
- Extract 1 concept to apply immediately

## Build
- Apply today's concept directly inside GymOS AI
- Commit code
- Update docs or README
- Close one subtask

## Deliverable
- A working increment in the `backend` area
",Phase 2,backend,Backlog
Day 017 — Phase 2 task,"## Study
- Review the assigned course material for **Phase 2**
- Take concise notes
- Extract 1 concept to apply immediately

## Build
- Apply today's concept directly inside GymOS AI
- Commit code
- Update docs or README
- Close one subtask

## Deliverable
- A working increment in the `backend` area
",Phase 2,backend,Backlog
Day 018 — Phase 2 task,"## Study
- Review the assigned course material for **Phase 2**
- Take concise notes
- Extract 1 concept to apply immediately

## Build
- Apply today's concept directly inside GymOS AI
- Commit code
- Update docs or README
- Close one subtask

## Deliverable
- A working increment in the `backend` area
",Phase 2,backend,Backlog
Day 019 — Phase 2 task,"## Study
- Review the assigned course material for **Phase 2**
- Take concise notes
- Extract 1 concept to apply immediately

## Build
- Apply today's concept directly inside GymOS AI
- Commit code
- Update docs or README
- Close one subtask

## Deliverable
- A working increment in the `backend` area
",Phase 2,backend,Backlog
Day 020 — Phase 2 task,"## Study
- Review the assigned course material for **Phase 2**
- Take concise notes
- Extract 1 concept to apply immediately

## Build
- Apply today's concept directly inside GymOS AI
- Commit code
- Update docs or README
- Close one subtask

## Deliverable
- A working increment in the `backend` area
",Phase 2,backend,Backlog
Day 021 — Phase 3 task,"## Study
- Review the assigned course material for **Phase 3**
- Take concise notes
- Extract 1 concept to apply immediately

## Build
- Apply today's concept directly inside GymOS AI
- Commit code
- Update docs or README
- Close one subtask

## Deliverable
- A working increment in the `database` area
",Phase 3,database,Backlog
Day 022 — Phase 3 task,"## Study
- Review the assigned course material for **Phase 3**
- Take concise notes
- Extract 1 concept to apply immediately

## Build
- Apply today's concept directly inside GymOS AI
- Commit code
- Update docs or README
- Close one subtask

## Deliverable
- A working increment in the `database` area
",Phase 3,database,Backlog
Day 023 — Phase 3 task,"## Study
- Review the assigned course material for **Phase 3**
- Take concise notes
- Extract 1 concept to apply immediately

## Build
- Apply today's concept directly inside GymOS AI
- Commit code
- Update docs or README
- Close one subtask

## Deliverable
- A working increment in the `database` area
",Phase 3,database,Backlog
Day 024 — Phase 3 task,"## Study
- Review the assigned course material for **Phase 3**
- Take concise notes
- Extract 1 concept to apply immediately

## Build
- Apply today's concept directly inside GymOS AI
- Commit code
- Update docs or README
- Close one subtask

## Deliverable
- A working increment in the `database` area
",Phase 3,database,Backlog
Day 025 — Phase 3 task,"## Study
- Review the assigned course material for **Phase 3**
- Take concise notes
- Extract 1 concept to apply immediately

## Build
- Apply today's concept directly inside GymOS AI
- Commit code
- Update docs or README
- Close one subtask

## Deliverable
- A working increment in the `database` area
",Phase 3,database,Backlog
Day 026 — Phase 3 task,"## Study
- Review the assigned course material for **Phase 3**
- Take concise notes
- Extract 1 concept to apply immediately

## Build
- Apply today's concept directly inside GymOS AI
- Commit code
- Update docs or README
- Close one subtask

## Deliverable
- A working increment in the `database` area
",Phase 3,database,Backlog
Day 027 — Phase 3 task,"## Study
- Review the assigned course material for **Phase 3**
- Take concise notes
- Extract 1 concept to apply immediately

## Build
- Apply today's concept directly inside GymOS AI
- Commit code
- Update docs or README
- Close one subtask

## Deliverable
- A working increment in the `database` area
",Phase 3,database,Backlog
Day 028 — Phase 3 task,"## Study
- Review the assigned course material for **Phase 3**
- Take concise notes
- Extract 1 concept to apply immediately

## Build
- Apply today's concept directly inside GymOS AI
- Commit code
- Update docs or README
- Close one subtask

## Deliverable
- A working increment in the `database` area
",Phase 3,database,Backlog
Day 029 — Phase 3 task,"## Study
- Review the assigned course material for **Phase 3**
- Take concise notes
- Extract 1 concept to apply immediately

## Build
- Apply today's concept directly inside GymOS AI
- Commit code
- Update docs or README
- Close one subtask

## Deliverable
- A working increment in the `database` area
",Phase 3,database,Backlog
Day 030 — Phase 3 task,"## Study
- Review the assigned course material for **Phase 3**
- Take concise notes
- Extract 1 concept to apply immediately

## Build
- Apply today's concept directly inside GymOS AI
- Commit code
- Update docs or README
- Close one subtask

## Deliverable
- A working increment in the `database` area
",Phase 3,database,Backlog
Day 031 — Phase 4 task,"## Study
- Review the assigned course material for **Phase 4**
- Take concise notes
- Extract 1 concept to apply immediately

## Build
- Apply today's concept directly inside GymOS AI
- Commit code
- Update docs or README
- Close one subtask

## Deliverable
- A working increment in the `architecture` area
",Phase 4,architecture,Backlog
Day 032 — Phase 4 task,"## Study
- Review the assigned course material for **Phase 4**
- Take concise notes
- Extract 1 concept to apply immediately

## Build
- Apply today's concept directly inside GymOS AI
- Commit code
- Update docs or README
- Close one subtask

## Deliverable
- A working increment in the `architecture` area
",Phase 4,architecture,Backlog
Day 033 — Phase 4 task,"## Study
- Review the assigned course material for **Phase 4**
- Take concise notes
- Extract 1 concept to apply immediately

## Build
- Apply today's concept directly inside GymOS AI
- Commit code
- Update docs or README
- Close one subtask

## Deliverable
- A working increment in the `architecture` area
",Phase 4,architecture,Backlog
Day 034 — Phase 4 task,"## Study
- Review the assigned course material for **Phase 4**
- Take concise notes
- Extract 1 concept to apply immediately

## Build
- Apply today's concept directly inside GymOS AI
- Commit code
- Update docs or README
- Close one subtask

## Deliverable
- A working increment in the `architecture` area
",Phase 4,architecture,Backlog
Day 035 — Phase 4 task,"## Study
- Review the assigned course material for **Phase 4**
- Take concise notes
- Extract 1 concept to apply immediately

## Build
- Apply today's concept directly inside GymOS AI
- Commit code
- Update docs or README
- Close one subtask

## Deliverable
- A working increment in the `architecture` area
",Phase 4,architecture,Backlog
Day 036 — Phase 4 task,"## Study
- Review the assigned course material for **Phase 4**
- Take concise notes
- Extract 1 concept to apply immediately

## Build
- Apply today's concept directly inside GymOS AI
- Commit code
- Update docs or README
- Close one subtask

## Deliverable
- A working increment in the `architecture` area
",Phase 4,architecture,Backlog
Day 037 — Phase 4 task,"## Study
- Review the assigned course material for **Phase 4**
- Take concise notes
- Extract 1 concept to apply immediately

## Build
- Apply today's concept directly inside GymOS AI
- Commit code
- Update docs or README
- Close one subtask

## Deliverable
- A working increment in the `architecture` area
",Phase 4,architecture,Backlog
Day 038 — Phase 4 task,"## Study
- Review the assigned course material for **Phase 4**
- Take concise notes
- Extract 1 concept to apply immediately

## Build
- Apply today's concept directly inside GymOS AI
- Commit code
- Update docs or README
- Close one subtask

## Deliverable
- A working increment in the `architecture` area
",Phase 4,architecture,Backlog
Day 039 — Phase 4 task,"## Study
- Review the assigned course material for **Phase 4**
- Take concise notes
- Extract 1 concept to apply immediately

## Build
- Apply today's concept directly inside GymOS AI
- Commit code
- Update docs or README
- Close one subtask

## Deliverable
- A working increment in the `architecture` area
",Phase 4,architecture,Backlog
Day 040 — Phase 4 task,"## Study
- Review the assigned course material for **Phase 4**
- Take concise notes
- Extract 1 concept to apply immediately

## Build
- Apply today's concept directly inside GymOS AI
- Commit code
- Update docs or README
- Close one subtask

## Deliverable
- A working increment in the `architecture` area
",Phase 4,architecture,Backlog
Day 041 — Phase 5 task,"## Study
- Review the assigned course material for **Phase 5**
- Take concise notes
- Extract 1 concept to apply immediately

## Build
- Apply today's concept directly inside GymOS AI
- Commit code
- Update docs or README
- Close one subtask

## Deliverable
- A working increment in the `cache` area
",Phase 5,cache,Backlog
Day 042 — Phase 5 task,"## Study
- Review the assigned course material for **Phase 5**
- Take concise notes
- Extract 1 concept to apply immediately

## Build
- Apply today's concept directly inside GymOS AI
- Commit code
- Update docs or README
- Close one subtask

## Deliverable
- A working increment in the `cache` area
",Phase 5,cache,Backlog
Day 043 — Phase 5 task,"## Study
- Review the assigned course material for **Phase 5**
- Take concise notes
- Extract 1 concept to apply immediately

## Build
- Apply today's concept directly inside GymOS AI
- Commit code
- Update docs or README
- Close one subtask

## Deliverable
- A working increment in the `cache` area
",Phase 5,cache,Backlog
Day 044 — Phase 5 task,"## Study
- Review the assigned course material for **Phase 5**
- Take concise notes
- Extract 1 concept to apply immediately

## Build
- Apply today's concept directly inside GymOS AI
- Commit code
- Update docs or README
- Close one subtask

## Deliverable
- A working increment in the `cache` area
",Phase 5,cache,Backlog
Day 045 — Phase 5 task,"## Study
- Review the assigned course material for **Phase 5**
- Take concise notes
- Extract 1 concept to apply immediately

## Build
- Apply today's concept directly inside GymOS AI
- Commit code
- Update docs or README
- Close one subtask

## Deliverable
- A working increment in the `cache` area
",Phase 5,cache,Backlog
Day 046 — Phase 5 task,"## Study
- Review the assigned course material for **Phase 5**
- Take concise notes
- Extract 1 concept to apply immediately

## Build
- Apply today's concept directly inside GymOS AI
- Commit code
- Update docs or README
- Close one subtask

## Deliverable
- A working increment in the `cache` area
",Phase 5,cache,Backlog
Day 047 — Phase 5 task,"## Study
- Review the assigned course material for **Phase 5**
- Take concise notes
- Extract 1 concept to apply immediately

## Build
- Apply today's concept directly inside GymOS AI
- Commit code
- Update docs or README
- Close one subtask

## Deliverable
- A working increment in the `cache` area
",Phase 5,cache,Backlog
Day 048 — Phase 5 task,"## Study
- Review the assigned course material for **Phase 5**
- Take concise notes
- Extract 1 concept to apply immediately

## Build
- Apply today's concept directly inside GymOS AI
- Commit code
- Update docs or README
- Close one subtask

## Deliverable
- A working increment in the `cache` area
",Phase 5,cache,Backlog
Day 049 — Phase 5 task,"## Study
- Review the assigned course material for **Phase 5**
- Take concise notes
- Extract 1 concept to apply immediately

## Build
- Apply today's concept directly inside GymOS AI
- Commit code
- Update docs or README
- Close one subtask

## Deliverable
- A working increment in the `cache` area
",Phase 5,cache,Backlog
Day 050 — Phase 5 task,"## Study
- Review the assigned course material for **Phase 5**
- Take concise notes
- Extract 1 concept to apply immediately

## Build
- Apply today's concept directly inside GymOS AI
- Commit code
- Update docs or README
- Close one subtask

## Deliverable
- A working increment in the `cache` area
",Phase 5,cache,Backlog
Day 051 — Phase 5 task,"## Study
- Review the assigned course material for **Phase 5**
- Take concise notes
- Extract 1 concept to apply immediately

## Build
- Apply today's concept directly inside GymOS AI
- Commit code
- Update docs or README
- Close one subtask

## Deliverable
- A working increment in the `queue` area
",Phase 5,queue,Backlog
Day 052 — Phase 5 task,"## Study
- Review the assigned course material for **Phase 5**
- Take concise notes
- Extract 1 concept to apply immediately

## Build
- Apply today's concept directly inside GymOS AI
- Commit code
- Update docs or README
- Close one subtask

## Deliverable
- A working increment in the `queue` area
",Phase 5,queue,Backlog
Day 053 — Phase 5 task,"## Study
- Review the assigned course material for **Phase 5**
- Take concise notes
- Extract 1 concept to apply immediately

## Build
- Apply today's concept directly inside GymOS AI
- Commit code
- Update docs or README
- Close one subtask

## Deliverable
- A working increment in the `queue` area
",Phase 5,queue,Backlog
Day 054 — Phase 5 task,"## Study
- Review the assigned course material for **Phase 5**
- Take concise notes
- Extract 1 concept to apply immediately

## Build
- Apply today's concept directly inside GymOS AI
- Commit code
- Update docs or README
- Close one subtask

## Deliverable
- A working increment in the `queue` area
",Phase 5,queue,Backlog
Day 055 — Phase 5 task,"## Study
- Review the assigned course material for **Phase 5**
- Take concise notes
- Extract 1 concept to apply immediately

## Build
- Apply today's concept directly inside GymOS AI
- Commit code
- Update docs or README
- Close one subtask

## Deliverable
- A working increment in the `queue` area
",Phase 5,queue,Backlog
Day 056 — Phase 5 task,"## Study
- Review the assigned course material for **Phase 5**
- Take concise notes
- Extract 1 concept to apply immediately

## Build
- Apply today's concept directly inside GymOS AI
- Commit code
- Update docs or README
- Close one subtask

## Deliverable
- A working increment in the `queue` area
",Phase 5,queue,Backlog
Day 057 — Phase 5 task,"## Study
- Review the assigned course material for **Phase 5**
- Take concise notes
- Extract 1 concept to apply immediately

## Build
- Apply today's concept directly inside GymOS AI
- Commit code
- Update docs or README
- Close one subtask

## Deliverable
- A working increment in the `queue` area
",Phase 5,queue,Backlog
Day 058 — Phase 5 task,"## Study
- Review the assigned course material for **Phase 5**
- Take concise notes
- Extract 1 concept to apply immediately

## Build
- Apply today's concept directly inside GymOS AI
- Commit code
- Update docs or README
- Close one subtask

## Deliverable
- A working increment in the `queue` area
",Phase 5,queue,Backlog
Day 059 — Phase 5 task,"## Study
- Review the assigned course material for **Phase 5**
- Take concise notes
- Extract 1 concept to apply immediately

## Build
- Apply today's concept directly inside GymOS AI
- Commit code
- Update docs or README
- Close one subtask

## Deliverable
- A working increment in the `queue` area
",Phase 5,queue,Backlog
Day 060 — Phase 5 task,"## Study
- Review the assigned course material for **Phase 5**
- Take concise notes
- Extract 1 concept to apply immediately

## Build
- Apply today's concept directly inside GymOS AI
- Commit code
- Update docs or README
- Close one subtask

## Deliverable
- A working increment in the `queue` area
",Phase 5,queue,Backlog
Day 061 — Phase 6 task,"## Study
- Review the assigned course material for **Phase 6**
- Take concise notes
- Extract 1 concept to apply immediately

## Build
- Apply today's concept directly inside GymOS AI
- Commit code
- Update docs or README
- Close one subtask

## Deliverable
- A working increment in the `infra` area
",Phase 6,infra,Backlog
Day 062 — Phase 6 task,"## Study
- Review the assigned course material for **Phase 6**
- Take concise notes
- Extract 1 concept to apply immediately

## Build
- Apply today's concept directly inside GymOS AI
- Commit code
- Update docs or README
- Close one subtask

## Deliverable
- A working increment in the `infra` area
",Phase 6,infra,Backlog
Day 063 — Phase 6 task,"## Study
- Review the assigned course material for **Phase 6**
- Take concise notes
- Extract 1 concept to apply immediately

## Build
- Apply today's concept directly inside GymOS AI
- Commit code
- Update docs or README
- Close one subtask

## Deliverable
- A working increment in the `infra` area
",Phase 6,infra,Backlog
Day 064 — Phase 6 task,"## Study
- Review the assigned course material for **Phase 6**
- Take concise notes
- Extract 1 concept to apply immediately

## Build
- Apply today's concept directly inside GymOS AI
- Commit code
- Update docs or README
- Close one subtask

## Deliverable
- A working increment in the `infra` area
",Phase 6,infra,Backlog
Day 065 — Phase 6 task,"## Study
- Review the assigned course material for **Phase 6**
- Take concise notes
- Extract 1 concept to apply immediately

## Build
- Apply today's concept directly inside GymOS AI
- Commit code
- Update docs or README
- Close one subtask

## Deliverable
- A working increment in the `infra` area
",Phase 6,infra,Backlog
Day 066 — Phase 6 task,"## Study
- Review the assigned course material for **Phase 6**
- Take concise notes
- Extract 1 concept to apply immediately

## Build
- Apply today's concept directly inside GymOS AI
- Commit code
- Update docs or README
- Close one subtask

## Deliverable
- A working increment in the `infra` area
",Phase 6,infra,Backlog
Day 067 — Phase 6 task,"## Study
- Review the assigned course material for **Phase 6**
- Take concise notes
- Extract 1 concept to apply immediately

## Build
- Apply today's concept directly inside GymOS AI
- Commit code
- Update docs or README
- Close one subtask

## Deliverable
- A working increment in the `infra` area
",Phase 6,infra,Backlog
Day 068 — Phase 6 task,"## Study
- Review the assigned course material for **Phase 6**
- Take concise notes
- Extract 1 concept to apply immediately

## Build
- Apply today's concept directly inside GymOS AI
- Commit code
- Update docs or README
- Close one subtask

## Deliverable
- A working increment in the `infra` area
",Phase 6,infra,Backlog
Day 069 — Phase 6 task,"## Study
- Review the assigned course material for **Phase 6**
- Take concise notes
- Extract 1 concept to apply immediately

## Build
- Apply today's concept directly inside GymOS AI
- Commit code
- Update docs or README
- Close one subtask

## Deliverable
- A working increment in the `infra` area
",Phase 6,infra,Backlog
Day 070 — Phase 6 task,"## Study
- Review the assigned course material for **Phase 6**
- Take concise notes
- Extract 1 concept to apply immediately

## Build
- Apply today's concept directly inside GymOS AI
- Commit code
- Update docs or README
- Close one subtask

## Deliverable
- A working increment in the `infra` area
",Phase 6,infra,Backlog
Day 071 — Phase 7 task,"## Study
- Review the assigned course material for **Phase 7**
- Take concise notes
- Extract 1 concept to apply immediately

## Build
- Apply today's concept directly inside GymOS AI
- Commit code
- Update docs or README
- Close one subtask

## Deliverable
- A working increment in the `cloud` area
",Phase 7,cloud,Backlog
Day 072 — Phase 7 task,"## Study
- Review the assigned course material for **Phase 7**
- Take concise notes
- Extract 1 concept to apply immediately

## Build
- Apply today's concept directly inside GymOS AI
- Commit code
- Update docs or README
- Close one subtask

## Deliverable
- A working increment in the `cloud` area
",Phase 7,cloud,Backlog
Day 073 — Phase 7 task,"## Study
- Review the assigned course material for **Phase 7**
- Take concise notes
- Extract 1 concept to apply immediately

## Build
- Apply today's concept directly inside GymOS AI
- Commit code
- Update docs or README
- Close one subtask

## Deliverable
- A working increment in the `cloud` area
",Phase 7,cloud,Backlog
Day 074 — Phase 7 task,"## Study
- Review the assigned course material for **Phase 7**
- Take concise notes
- Extract 1 concept to apply immediately

## Build
- Apply today's concept directly inside GymOS AI
- Commit code
- Update docs or README
- Close one subtask

## Deliverable
- A working increment in the `cloud` area
",Phase 7,cloud,Backlog
Day 075 — Phase 7 task,"## Study
- Review the assigned course material for **Phase 7**
- Take concise notes
- Extract 1 concept to apply immediately

## Build
- Apply today's concept directly inside GymOS AI
- Commit code
- Update docs or README
- Close one subtask

## Deliverable
- A working increment in the `cloud` area
",Phase 7,cloud,Backlog
Day 076 — Phase 7 task,"## Study
- Review the assigned course material for **Phase 7**
- Take concise notes
- Extract 1 concept to apply immediately

## Build
- Apply today's concept directly inside GymOS AI
- Commit code
- Update docs or README
- Close one subtask

## Deliverable
- A working increment in the `cloud` area
",Phase 7,cloud,Backlog
Day 077 — Phase 7 task,"## Study
- Review the assigned course material for **Phase 7**
- Take concise notes
- Extract 1 concept to apply immediately

## Build
- Apply today's concept directly inside GymOS AI
- Commit code
- Update docs or README
- Close one subtask

## Deliverable
- A working increment in the `cloud` area
",Phase 7,cloud,Backlog
Day 078 — Phase 7 task,"## Study
- Review the assigned course material for **Phase 7**
- Take concise notes
- Extract 1 concept to apply immediately

## Build
- Apply today's concept directly inside GymOS AI
- Commit code
- Update docs or README
- Close one subtask

## Deliverable
- A working increment in the `cloud` area
",Phase 7,cloud,Backlog
Day 079 — Phase 7 task,"## Study
- Review the assigned course material for **Phase 7**
- Take concise notes
- Extract 1 concept to apply immediately

## Build
- Apply today's concept directly inside GymOS AI
- Commit code
- Update docs or README
- Close one subtask

## Deliverable
- A working increment in the `cloud` area
",Phase 7,cloud,Backlog
Day 080 — Phase 7 task,"## Study
- Review the assigned course material for **Phase 7**
- Take concise notes
- Extract 1 concept to apply immediately

## Build
- Apply today's concept directly inside GymOS AI
- Commit code
- Update docs or README
- Close one subtask

## Deliverable
- A working increment in the `cloud` area
",Phase 7,cloud,Backlog
Day 081 — Phase 8 task,"## Study
- Review the assigned course material for **Phase 8**
- Take concise notes
- Extract 1 concept to apply immediately

## Build
- Apply today's concept directly inside GymOS AI
- Commit code
- Update docs or README
- Close one subtask

## Deliverable
- A working increment in the `ai` area
",Phase 8,ai,Backlog
Day 082 — Phase 8 task,"## Study
- Review the assigned course material for **Phase 8**
- Take concise notes
- Extract 1 concept to apply immediately

## Build
- Apply today's concept directly inside GymOS AI
- Commit code
- Update docs or README
- Close one subtask

## Deliverable
- A working increment in the `ai` area
",Phase 8,ai,Backlog
Day 083 — Phase 8 task,"## Study
- Review the assigned course material for **Phase 8**
- Take concise notes
- Extract 1 concept to apply immediately

## Build
- Apply today's concept directly inside GymOS AI
- Commit code
- Update docs or README
- Close one subtask

## Deliverable
- A working increment in the `ai` area
",Phase 8,ai,Backlog
Day 084 — Phase 8 task,"## Study
- Review the assigned course material for **Phase 8**
- Take concise notes
- Extract 1 concept to apply immediately

## Build
- Apply today's concept directly inside GymOS AI
- Commit code
- Update docs or README
- Close one subtask

## Deliverable
- A working increment in the `ai` area
",Phase 8,ai,Backlog
Day 085 — Phase 8 task,"## Study
- Review the assigned course material for **Phase 8**
- Take concise notes
- Extract 1 concept to apply immediately

## Build
- Apply today's concept directly inside GymOS AI
- Commit code
- Update docs or README
- Close one subtask

## Deliverable
- A working increment in the `ai` area
",Phase 8,ai,Backlog
Day 086 — Phase 8 task,"## Study
- Review the assigned course material for **Phase 8**
- Take concise notes
- Extract 1 concept to apply immediately

## Build
- Apply today's concept directly inside GymOS AI
- Commit code
- Update docs or README
- Close one subtask

## Deliverable
- A working increment in the `ai` area
",Phase 8,ai,Backlog
Day 087 — Phase 8 task,"## Study
- Review the assigned course material for **Phase 8**
- Take concise notes
- Extract 1 concept to apply immediately

## Build
- Apply today's concept directly inside GymOS AI
- Commit code
- Update docs or README
- Close one subtask

## Deliverable
- A working increment in the `ai` area
",Phase 8,ai,Backlog
Day 088 — Phase 8 task,"## Study
- Review the assigned course material for **Phase 8**
- Take concise notes
- Extract 1 concept to apply immediately

## Build
- Apply today's concept directly inside GymOS AI
- Commit code
- Update docs or README
- Close one subtask

## Deliverable
- A working increment in the `ai` area
",Phase 8,ai,Backlog
Day 089 — Phase 8 task,"## Study
- Review the assigned course material for **Phase 8**
- Take concise notes
- Extract 1 concept to apply immediately

## Build
- Apply today's concept directly inside GymOS AI
- Commit code
- Update docs or README
- Close one subtask

## Deliverable
- A working increment in the `ai` area
",Phase 8,ai,Backlog
Day 090 — Phase 8 task,"## Study
- Review the assigned course material for **Phase 8**
- Take concise notes
- Extract 1 concept to apply immediately

## Build
- Apply today's concept directly inside GymOS AI
- Commit code
- Update docs or README
- Close one subtask

## Deliverable
- A working increment in the `ai` area
",Phase 8,ai,Backlog
Day 091 — Phase 9 task,"## Study
- Review the assigned course material for **Phase 9**
- Take concise notes
- Extract 1 concept to apply immediately

## Build
- Apply today's concept directly inside GymOS AI
- Commit code
- Update docs or README
- Close one subtask

## Deliverable
- A working increment in the `ai` area
",Phase 9,ai,Backlog
Day 092 — Phase 9 task,"## Study
- Review the assigned course material for **Phase 9**
- Take concise notes
- Extract 1 concept to apply immediately

## Build
- Apply today's concept directly inside GymOS AI
- Commit code
- Update docs or README
- Close one subtask

## Deliverable
- A working increment in the `ai` area
",Phase 9,ai,Backlog
Day 093 — Phase 9 task,"## Study
- Review the assigned course material for **Phase 9**
- Take concise notes
- Extract 1 concept to apply immediately

## Build
- Apply today's concept directly inside GymOS AI
- Commit code
- Update docs or README
- Close one subtask

## Deliverable
- A working increment in the `ai` area
",Phase 9,ai,Backlog
Day 094 — Phase 9 task,"## Study
- Review the assigned course material for **Phase 9**
- Take concise notes
- Extract 1 concept to apply immediately

## Build
- Apply today's concept directly inside GymOS AI
- Commit code
- Update docs or README
- Close one subtask

## Deliverable
- A working increment in the `ai` area
",Phase 9,ai,Backlog
Day 095 — Phase 9 task,"## Study
- Review the assigned course material for **Phase 9**
- Take concise notes
- Extract 1 concept to apply immediately

## Build
- Apply today's concept directly inside GymOS AI
- Commit code
- Update docs or README
- Close one subtask

## Deliverable
- A working increment in the `ai` area
",Phase 9,ai,Backlog
Day 096 — Phase 9 task,"## Study
- Review the assigned course material for **Phase 9**
- Take concise notes
- Extract 1 concept to apply immediately

## Build
- Apply today's concept directly inside GymOS AI
- Commit code
- Update docs or README
- Close one subtask

## Deliverable
- A working increment in the `ai` area
",Phase 9,ai,Backlog
Day 097 — Phase 9 task,"## Study
- Review the assigned course material for **Phase 9**
- Take concise notes
- Extract 1 concept to apply immediately

## Build
- Apply today's concept directly inside GymOS AI
- Commit code
- Update docs or README
- Close one subtask

## Deliverable
- A working increment in the `ai` area
",Phase 9,ai,Backlog
Day 098 — Phase 9 task,"## Study
- Review the assigned course material for **Phase 9**
- Take concise notes
- Extract 1 concept to apply immediately

## Build
- Apply today's concept directly inside GymOS AI
- Commit code
- Update docs or README
- Close one subtask

## Deliverable
- A working increment in the `ai` area
",Phase 9,ai,Backlog
Day 099 — Phase 9 task,"## Study
- Review the assigned course material for **Phase 9**
- Take concise notes
- Extract 1 concept to apply immediately

## Build
- Apply today's concept directly inside GymOS AI
- Commit code
- Update docs or README
- Close one subtask

## Deliverable
- A working increment in the `ai` area
",Phase 9,ai,Backlog
Day 100 — Phase 9 task,"## Study
- Review the assigned course material for **Phase 9**
- Take concise notes
- Extract 1 concept to apply immediately

## Build
- Apply today's concept directly inside GymOS AI
- Commit code
- Update docs or README
- Close one subtask

## Deliverable
- A working increment in the `ai` area
",Phase 9,ai,Backlog
Day 101 — Phase 10 task,"## Study
- Review the assigned course material for **Phase 10**
- Take concise notes
- Extract 1 concept to apply immediately

## Build
- Apply today's concept directly inside GymOS AI
- Commit code
- Update docs or README
- Close one subtask

## Deliverable
- A working increment in the `frontend` area
",Phase 10,frontend,Backlog
Day 102 — Phase 10 task,"## Study
- Review the assigned course material for **Phase 10**
- Take concise notes
- Extract 1 concept to apply immediately

## Build
- Apply today's concept directly inside GymOS AI
- Commit code
- Update docs or README
- Close one subtask

## Deliverable
- A working increment in the `frontend` area
",Phase 10,frontend,Backlog
Day 103 — Phase 10 task,"## Study
- Review the assigned course material for **Phase 10**
- Take concise notes
- Extract 1 concept to apply immediately

## Build
- Apply today's concept directly inside GymOS AI
- Commit code
- Update docs or README
- Close one subtask

## Deliverable
- A working increment in the `frontend` area
",Phase 10,frontend,Backlog
Day 104 — Phase 10 task,"## Study
- Review the assigned course material for **Phase 10**
- Take concise notes
- Extract 1 concept to apply immediately

## Build
- Apply today's concept directly inside GymOS AI
- Commit code
- Update docs or README
- Close one subtask

## Deliverable
- A working increment in the `frontend` area
",Phase 10,frontend,Backlog
Day 105 — Phase 10 task,"## Study
- Review the assigned course material for **Phase 10**
- Take concise notes
- Extract 1 concept to apply immediately

## Build
- Apply today's concept directly inside GymOS AI
- Commit code
- Update docs or README
- Close one subtask

## Deliverable
- A working increment in the `frontend` area
",Phase 10,frontend,Backlog
Day 106 — Phase 10 task,"## Study
- Review the assigned course material for **Phase 10**
- Take concise notes
- Extract 1 concept to apply immediately

## Build
- Apply today's concept directly inside GymOS AI
- Commit code
- Update docs or README
- Close one subtask

## Deliverable
- A working increment in the `frontend` area
",Phase 10,frontend,Backlog
Day 107 — Phase 10 task,"## Study
- Review the assigned course material for **Phase 10**
- Take concise notes
- Extract 1 concept to apply immediately

## Build
- Apply today's concept directly inside GymOS AI
- Commit code
- Update docs or README
- Close one subtask

## Deliverable
- A working increment in the `frontend` area
",Phase 10,frontend,Backlog
Day 108 — Phase 10 task,"## Study
- Review the assigned course material for **Phase 10**
- Take concise notes
- Extract 1 concept to apply immediately

## Build
- Apply today's concept directly inside GymOS AI
- Commit code
- Update docs or README
- Close one subtask

## Deliverable
- A working increment in the `frontend` area
",Phase 10,frontend,Backlog
Day 109 — Phase 10 task,"## Study
- Review the assigned course material for **Phase 10**
- Take concise notes
- Extract 1 concept to apply immediately

## Build
- Apply today's concept directly inside GymOS AI
- Commit code
- Update docs or README
- Close one subtask

## Deliverable
- A working increment in the `frontend` area
",Phase 10,frontend,Backlog
Day 110 — Phase 10 task,"## Study
- Review the assigned course material for **Phase 10**
- Take concise notes
- Extract 1 concept to apply immediately

## Build
- Apply today's concept directly inside GymOS AI
- Commit code
- Update docs or README
- Close one subtask

## Deliverable
- A working increment in the `frontend` area
",Phase 10,frontend,Backlog
Day 111 — Phase 11 task,"## Study
- Review the assigned course material for **Phase 11**
- Take concise notes
- Extract 1 concept to apply immediately

## Build
- Apply today's concept directly inside GymOS AI
- Commit code
- Update docs or README
- Close one subtask

## Deliverable
- A working increment in the `monitoring` area
",Phase 11,monitoring,Backlog
Day 112 — Phase 11 task,"## Study
- Review the assigned course material for **Phase 11**
- Take concise notes
- Extract 1 concept to apply immediately

## Build
- Apply today's concept directly inside GymOS AI
- Commit code
- Update docs or README
- Close one subtask

## Deliverable
- A working increment in the `monitoring` area
",Phase 11,monitoring,Backlog
Day 113 — Phase 11 task,"## Study
- Review the assigned course material for **Phase 11**
- Take concise notes
- Extract 1 concept to apply immediately

## Build
- Apply today's concept directly inside GymOS AI
- Commit code
- Update docs or README
- Close one subtask

## Deliverable
- A working increment in the `monitoring` area
",Phase 11,monitoring,Backlog
Day 114 — Phase 11 task,"## Study
- Review the assigned course material for **Phase 11**
- Take concise notes
- Extract 1 concept to apply immediately

## Build
- Apply today's concept directly inside GymOS AI
- Commit code
- Update docs or README
- Close one subtask

## Deliverable
- A working increment in the `monitoring` area
",Phase 11,monitoring,Backlog
Day 115 — Phase 11 task,"## Study
- Review the assigned course material for **Phase 11**
- Take concise notes
- Extract 1 concept to apply immediately

## Build
- Apply today's concept directly inside GymOS AI
- Commit code
- Update docs or README
- Close one subtask

## Deliverable
- A working increment in the `monitoring` area
",Phase 11,monitoring,Backlog
Day 116 — Phase 11 task,"## Study
- Review the assigned course material for **Phase 11**
- Take concise notes
- Extract 1 concept to apply immediately

## Build
- Apply today's concept directly inside GymOS AI
- Commit code
- Update docs or README
- Close one subtask

## Deliverable
- A working increment in the `monitoring` area
",Phase 11,monitoring,Backlog
Day 117 — Phase 11 task,"## Study
- Review the assigned course material for **Phase 11**
- Take concise notes
- Extract 1 concept to apply immediately

## Build
- Apply today's concept directly inside GymOS AI
- Commit code
- Update docs or README
- Close one subtask

## Deliverable
- A working increment in the `monitoring` area
",Phase 11,monitoring,Backlog
Day 118 — Phase 11 task,"## Study
- Review the assigned course material for **Phase 11**
- Take concise notes
- Extract 1 concept to apply immediately

## Build
- Apply today's concept directly inside GymOS AI
- Commit code
- Update docs or README
- Close one subtask

## Deliverable
- A working increment in the `monitoring` area
",Phase 11,monitoring,Backlog
Day 119 — Phase 11 task,"## Study
- Review the assigned course material for **Phase 11**
- Take concise notes
- Extract 1 concept to apply immediately

## Build
- Apply today's concept directly inside GymOS AI
- Commit code
- Update docs or README
- Close one subtask

## Deliverable
- A working increment in the `monitoring` area
",Phase 11,monitoring,Backlog
Day 120 — Phase 11 task,"## Study
- Review the assigned course material for **Phase 11**
- Take concise notes
- Extract 1 concept to apply immediately

## Build
- Apply today's concept directly inside GymOS AI
- Commit code
- Update docs or README
- Close one subtask

## Deliverable
- A working increment in the `monitoring` area
",Phase 11,monitoring,Backlog
